sample_id,fasta
CP108302.region001,/datadrive/glyco_halo_mining/output/faa_per_region/CP108302.region001.faa
CP108339.region013,/datadrive/glyco_halo_mining/output/faa_per_region/CP108339.region013.faa
CP108293.region001,/datadrive/glyco_halo_mining/output/faa_per_region/CP108293.region001.faa
CP108289.region034,/datadrive/glyco_halo_mining/output/faa_per_region/CP108289.region034.faa
CP108287.region010,/datadrive/glyco_halo_mining/output/faa_per_region/CP108287.region010.faa
CP108287.region013,/datadrive/glyco_halo_mining/output/faa_per_region/CP108287.region013.faa
CP108273.region022,/datadrive/glyco_halo_mining/output/faa_per_region/CP108273.region022.faa
CP108271.region010,/datadrive/glyco_halo_mining/output/faa_per_region/CP108271.region010.faa
CP108264.region024,/datadrive/glyco_halo_mining/output/faa_per_region/CP108264.region024.faa
CP108261.region014,/datadrive/glyco_halo_mining/output/faa_per_region/CP108261.region014.faa
CP108259.region019,/datadrive/glyco_halo_mining/output/faa_per_region/CP108259.region019.faa
CP108258.region012,/datadrive/glyco_halo_mining/output/faa_per_region/CP108258.region012.faa
CP108247.region011,/datadrive/glyco_halo_mining/output/faa_per_region/CP108247.region011.faa
CP108247.region014,/datadrive/glyco_halo_mining/output/faa_per_region/CP108247.region014.faa
CP108244.region031,/datadrive/glyco_halo_mining/output/faa_per_region/CP108244.region031.faa
CP108242.region009,/datadrive/glyco_halo_mining/output/faa_per_region/CP108242.region009.faa
CP108238.region025,/datadrive/glyco_halo_mining/output/faa_per_region/CP108238.region025.faa
CP108234.region012,/datadrive/glyco_halo_mining/output/faa_per_region/CP108234.region012.faa
CP108230.region004,/datadrive/glyco_halo_mining/output/faa_per_region/CP108230.region004.faa
CP108229.region006,/datadrive/glyco_halo_mining/output/faa_per_region/CP108229.region006.faa
CP108225.region004,/datadrive/glyco_halo_mining/output/faa_per_region/CP108225.region004.faa
CP108221.region017,/datadrive/glyco_halo_mining/output/faa_per_region/CP108221.region017.faa
CP108213.region030,/datadrive/glyco_halo_mining/output/faa_per_region/CP108213.region030.faa
CP108213.region032,/datadrive/glyco_halo_mining/output/faa_per_region/CP108213.region032.faa
CP108208.region021,/datadrive/glyco_halo_mining/output/faa_per_region/CP108208.region021.faa
CP108207.region015,/datadrive/glyco_halo_mining/output/faa_per_region/CP108207.region015.faa
CP108206.region012,/datadrive/glyco_halo_mining/output/faa_per_region/CP108206.region012.faa
CP108199.region016,/datadrive/glyco_halo_mining/output/faa_per_region/CP108199.region016.faa
CP108198.region011,/datadrive/glyco_halo_mining/output/faa_per_region/CP108198.region011.faa
CP108195.region012,/datadrive/glyco_halo_mining/output/faa_per_region/CP108195.region012.faa
CP108188.region004,/datadrive/glyco_halo_mining/output/faa_per_region/CP108188.region004.faa
CP108184.region001,/datadrive/glyco_halo_mining/output/faa_per_region/CP108184.region001.faa
CP108184.region030,/datadrive/glyco_halo_mining/output/faa_per_region/CP108184.region030.faa
CP108334.region001,/datadrive/glyco_halo_mining/output/faa_per_region/CP108334.region001.faa
CP108181.region011,/datadrive/glyco_halo_mining/output/faa_per_region/CP108181.region011.faa
CP108177.region029,/datadrive/glyco_halo_mining/output/faa_per_region/CP108177.region029.faa
CP108175.region001,/datadrive/glyco_halo_mining/output/faa_per_region/CP108175.region001.faa
CP108175.region015,/datadrive/glyco_halo_mining/output/faa_per_region/CP108175.region015.faa
CP108174.region017,/datadrive/glyco_halo_mining/output/faa_per_region/CP108174.region017.faa
CP108172.region016,/datadrive/glyco_halo_mining/output/faa_per_region/CP108172.region016.faa
CP108161.region002,/datadrive/glyco_halo_mining/output/faa_per_region/CP108161.region002.faa
CP108161.region004,/datadrive/glyco_halo_mining/output/faa_per_region/CP108161.region004.faa
CP108161.region019,/datadrive/glyco_halo_mining/output/faa_per_region/CP108161.region019.faa
CP108156.region027,/datadrive/glyco_halo_mining/output/faa_per_region/CP108156.region027.faa
CP108153.region011,/datadrive/glyco_halo_mining/output/faa_per_region/CP108153.region011.faa
CP108153.region014,/datadrive/glyco_halo_mining/output/faa_per_region/CP108153.region014.faa
CP108152.region005,/datadrive/glyco_halo_mining/output/faa_per_region/CP108152.region005.faa
CP108152.region019,/datadrive/glyco_halo_mining/output/faa_per_region/CP108152.region019.faa
CP108148.region001,/datadrive/glyco_halo_mining/output/faa_per_region/CP108148.region001.faa
CP108148.region029,/datadrive/glyco_halo_mining/output/faa_per_region/CP108148.region029.faa
CP108146.region015,/datadrive/glyco_halo_mining/output/faa_per_region/CP108146.region015.faa
CP108143.region002,/datadrive/glyco_halo_mining/output/faa_per_region/CP108143.region002.faa
CP108140.region029,/datadrive/glyco_halo_mining/output/faa_per_region/CP108140.region029.faa
CP108129.region030,/datadrive/glyco_halo_mining/output/faa_per_region/CP108129.region030.faa
CP108126.region017,/datadrive/glyco_halo_mining/output/faa_per_region/CP108126.region017.faa
CP108124.region007,/datadrive/glyco_halo_mining/output/faa_per_region/CP108124.region007.faa
CP108124.region009,/datadrive/glyco_halo_mining/output/faa_per_region/CP108124.region009.faa
CP108121.region008,/datadrive/glyco_halo_mining/output/faa_per_region/CP108121.region008.faa
CP108121.region011,/datadrive/glyco_halo_mining/output/faa_per_region/CP108121.region011.faa
CP108118.region003,/datadrive/glyco_halo_mining/output/faa_per_region/CP108118.region003.faa
CP108115.region004,/datadrive/glyco_halo_mining/output/faa_per_region/CP108115.region004.faa
CP108111.region001,/datadrive/glyco_halo_mining/output/faa_per_region/CP108111.region001.faa
CP108111.region029,/datadrive/glyco_halo_mining/output/faa_per_region/CP108111.region029.faa
CP108109.region007,/datadrive/glyco_halo_mining/output/faa_per_region/CP108109.region007.faa
CP108103.region001,/datadrive/glyco_halo_mining/output/faa_per_region/CP108103.region001.faa
CP108103.region030,/datadrive/glyco_halo_mining/output/faa_per_region/CP108103.region030.faa
CP108095.region024,/datadrive/glyco_halo_mining/output/faa_per_region/CP108095.region024.faa
CP108088.region003,/datadrive/glyco_halo_mining/output/faa_per_region/CP108088.region003.faa
CP108088.region015,/datadrive/glyco_halo_mining/output/faa_per_region/CP108088.region015.faa
CP108086.region005,/datadrive/glyco_halo_mining/output/faa_per_region/CP108086.region005.faa
CP108085.region025,/datadrive/glyco_halo_mining/output/faa_per_region/CP108085.region025.faa
CP108084.region012,/datadrive/glyco_halo_mining/output/faa_per_region/CP108084.region012.faa
CP108080.region006,/datadrive/glyco_halo_mining/output/faa_per_region/CP108080.region006.faa
CP108075.region011,/datadrive/glyco_halo_mining/output/faa_per_region/CP108075.region011.faa
CP108068.region031,/datadrive/glyco_halo_mining/output/faa_per_region/CP108068.region031.faa
CP108067.region033,/datadrive/glyco_halo_mining/output/faa_per_region/CP108067.region033.faa
CP108067.region034,/datadrive/glyco_halo_mining/output/faa_per_region/CP108067.region034.faa
CP108062.region004,/datadrive/glyco_halo_mining/output/faa_per_region/CP108062.region004.faa
CP108057.region015,/datadrive/glyco_halo_mining/output/faa_per_region/CP108057.region015.faa
CP108057.region021,/datadrive/glyco_halo_mining/output/faa_per_region/CP108057.region021.faa
CP108053.region029,/datadrive/glyco_halo_mining/output/faa_per_region/CP108053.region029.faa
CP108053.region037,/datadrive/glyco_halo_mining/output/faa_per_region/CP108053.region037.faa
CP108052.region018,/datadrive/glyco_halo_mining/output/faa_per_region/CP108052.region018.faa
CP108052.region021,/datadrive/glyco_halo_mining/output/faa_per_region/CP108052.region021.faa
CP108332.region009,/datadrive/glyco_halo_mining/output/faa_per_region/CP108332.region009.faa
CP108039.region033,/datadrive/glyco_halo_mining/output/faa_per_region/CP108039.region033.faa
CP108038.region029,/datadrive/glyco_halo_mining/output/faa_per_region/CP108038.region029.faa
CP108036.region007,/datadrive/glyco_halo_mining/output/faa_per_region/CP108036.region007.faa
CP108036.region026,/datadrive/glyco_halo_mining/output/faa_per_region/CP108036.region026.faa
CP108032.region013,/datadrive/glyco_halo_mining/output/faa_per_region/CP108032.region013.faa
CP108025.region031,/datadrive/glyco_halo_mining/output/faa_per_region/CP108025.region031.faa
CP108024.region001,/datadrive/glyco_halo_mining/output/faa_per_region/CP108024.region001.faa
CP108022.region011,/datadrive/glyco_halo_mining/output/faa_per_region/CP108022.region011.faa
CP108019.region018,/datadrive/glyco_halo_mining/output/faa_per_region/CP108019.region018.faa
CP108016.region001,/datadrive/glyco_halo_mining/output/faa_per_region/CP108016.region001.faa
CP108016.region031,/datadrive/glyco_halo_mining/output/faa_per_region/CP108016.region031.faa
CP108008.region011,/datadrive/glyco_halo_mining/output/faa_per_region/CP108008.region011.faa
CP107998.region028,/datadrive/glyco_halo_mining/output/faa_per_region/CP107998.region028.faa
CP107996.region019,/datadrive/glyco_halo_mining/output/faa_per_region/CP107996.region019.faa
CP107994.region011,/datadrive/glyco_halo_mining/output/faa_per_region/CP107994.region011.faa
CP107983.region003,/datadrive/glyco_halo_mining/output/faa_per_region/CP107983.region003.faa
CP107982.region006,/datadrive/glyco_halo_mining/output/faa_per_region/CP107982.region006.faa
CP107977.region022,/datadrive/glyco_halo_mining/output/faa_per_region/CP107977.region022.faa
CP107975.region011,/datadrive/glyco_halo_mining/output/faa_per_region/CP107975.region011.faa
CP107974.region004,/datadrive/glyco_halo_mining/output/faa_per_region/CP107974.region004.faa
CP107968.region007,/datadrive/glyco_halo_mining/output/faa_per_region/CP107968.region007.faa
CP107967.region010,/datadrive/glyco_halo_mining/output/faa_per_region/CP107967.region010.faa
CP107964.region004,/datadrive/glyco_halo_mining/output/faa_per_region/CP107964.region004.faa
CP107964.region017,/datadrive/glyco_halo_mining/output/faa_per_region/CP107964.region017.faa
CP107963.region012,/datadrive/glyco_halo_mining/output/faa_per_region/CP107963.region012.faa
CP107952.region013,/datadrive/glyco_halo_mining/output/faa_per_region/CP107952.region013.faa
CP107948.region024,/datadrive/glyco_halo_mining/output/faa_per_region/CP107948.region024.faa
CP107941.region003,/datadrive/glyco_halo_mining/output/faa_per_region/CP107941.region003.faa
CP107940.region013,/datadrive/glyco_halo_mining/output/faa_per_region/CP107940.region013.faa
CP107940.region031,/datadrive/glyco_halo_mining/output/faa_per_region/CP107940.region031.faa
CP107936.region003,/datadrive/glyco_halo_mining/output/faa_per_region/CP107936.region003.faa
CP107933.region022,/datadrive/glyco_halo_mining/output/faa_per_region/CP107933.region022.faa
CP107929.region011,/datadrive/glyco_halo_mining/output/faa_per_region/CP107929.region011.faa
CP107928.region016,/datadrive/glyco_halo_mining/output/faa_per_region/CP107928.region016.faa
CP107927.region001,/datadrive/glyco_halo_mining/output/faa_per_region/CP107927.region001.faa
CP107926.region009,/datadrive/glyco_halo_mining/output/faa_per_region/CP107926.region009.faa
CP107926.region011,/datadrive/glyco_halo_mining/output/faa_per_region/CP107926.region011.faa
CP107924.region010,/datadrive/glyco_halo_mining/output/faa_per_region/CP107924.region010.faa
CP107923.region020,/datadrive/glyco_halo_mining/output/faa_per_region/CP107923.region020.faa
CP107921.region027,/datadrive/glyco_halo_mining/output/faa_per_region/CP107921.region027.faa
CP107921.region012,/datadrive/glyco_halo_mining/output/faa_per_region/CP107921.region012.faa
CP107919.region008,/datadrive/glyco_halo_mining/output/faa_per_region/CP107919.region008.faa
CP107919.region010,/datadrive/glyco_halo_mining/output/faa_per_region/CP107919.region010.faa
CP107918.region001,/datadrive/glyco_halo_mining/output/faa_per_region/CP107918.region001.faa
CP107917.region029,/datadrive/glyco_halo_mining/output/faa_per_region/CP107917.region029.faa
CP107913.region016,/datadrive/glyco_halo_mining/output/faa_per_region/CP107913.region016.faa
CP107913.region026,/datadrive/glyco_halo_mining/output/faa_per_region/CP107913.region026.faa
CP107907.region005,/datadrive/glyco_halo_mining/output/faa_per_region/CP107907.region005.faa
CP109337.region010,/datadrive/glyco_halo_mining/output/faa_per_region/CP109337.region010.faa
CP109337.region017,/datadrive/glyco_halo_mining/output/faa_per_region/CP109337.region017.faa
CP109337.region021,/datadrive/glyco_halo_mining/output/faa_per_region/CP109337.region021.faa
CP107896.region004,/datadrive/glyco_halo_mining/output/faa_per_region/CP107896.region004.faa
CP107896.region012,/datadrive/glyco_halo_mining/output/faa_per_region/CP107896.region012.faa
CP107894.region015,/datadrive/glyco_halo_mining/output/faa_per_region/CP107894.region015.faa
CP107892.region010,/datadrive/glyco_halo_mining/output/faa_per_region/CP107892.region010.faa
CP107887.region002,/datadrive/glyco_halo_mining/output/faa_per_region/CP107887.region002.faa
CP107887.region022,/datadrive/glyco_halo_mining/output/faa_per_region/CP107887.region022.faa
CP107887.region038,/datadrive/glyco_halo_mining/output/faa_per_region/CP107887.region038.faa
CP107885.region002,/datadrive/glyco_halo_mining/output/faa_per_region/CP107885.region002.faa
CP107885.region038,/datadrive/glyco_halo_mining/output/faa_per_region/CP107885.region038.faa
CP107884.region013,/datadrive/glyco_halo_mining/output/faa_per_region/CP107884.region013.faa
CP108343.region013,/datadrive/glyco_halo_mining/output/faa_per_region/CP108343.region013.faa
CP107880.region019,/datadrive/glyco_halo_mining/output/faa_per_region/CP107880.region019.faa
CP107871.region001,/datadrive/glyco_halo_mining/output/faa_per_region/CP107871.region001.faa
CP108330.region013,/datadrive/glyco_halo_mining/output/faa_per_region/CP108330.region013.faa
CP107869.region002,/datadrive/glyco_halo_mining/output/faa_per_region/CP107869.region002.faa
CP107858.region019,/datadrive/glyco_halo_mining/output/faa_per_region/CP107858.region019.faa
CP107857.region017,/datadrive/glyco_halo_mining/output/faa_per_region/CP107857.region017.faa
CP107855.region008,/datadrive/glyco_halo_mining/output/faa_per_region/CP107855.region008.faa
CP108329.region013,/datadrive/glyco_halo_mining/output/faa_per_region/CP108329.region013.faa
CP107853.region016,/datadrive/glyco_halo_mining/output/faa_per_region/CP107853.region016.faa
CP107851.region020,/datadrive/glyco_halo_mining/output/faa_per_region/CP107851.region020.faa
CP107849.region015,/datadrive/glyco_halo_mining/output/faa_per_region/CP107849.region015.faa
CP107845.region017,/datadrive/glyco_halo_mining/output/faa_per_region/CP107845.region017.faa
CP107840.region003,/datadrive/glyco_halo_mining/output/faa_per_region/CP107840.region003.faa
CP107840.region028,/datadrive/glyco_halo_mining/output/faa_per_region/CP107840.region028.faa
CP107838.region026,/datadrive/glyco_halo_mining/output/faa_per_region/CP107838.region026.faa
CP108326.region012,/datadrive/glyco_halo_mining/output/faa_per_region/CP108326.region012.faa
CP108325.region013,/datadrive/glyco_halo_mining/output/faa_per_region/CP108325.region013.faa
CP107836.region008,/datadrive/glyco_halo_mining/output/faa_per_region/CP107836.region008.faa
CP107834.region009,/datadrive/glyco_halo_mining/output/faa_per_region/CP107834.region009.faa
CP107826.region014,/datadrive/glyco_halo_mining/output/faa_per_region/CP107826.region014.faa
CP107825.region018,/datadrive/glyco_halo_mining/output/faa_per_region/CP107825.region018.faa
CP107823.region017,/datadrive/glyco_halo_mining/output/faa_per_region/CP107823.region017.faa
CP107819.region034,/datadrive/glyco_halo_mining/output/faa_per_region/CP107819.region034.faa
CP107819.region039,/datadrive/glyco_halo_mining/output/faa_per_region/CP107819.region039.faa
CP107803.region011,/datadrive/glyco_halo_mining/output/faa_per_region/CP107803.region011.faa
CP107801.region014,/datadrive/glyco_halo_mining/output/faa_per_region/CP107801.region014.faa
CP107793.region019,/datadrive/glyco_halo_mining/output/faa_per_region/CP107793.region019.faa
CP107784.region003,/datadrive/glyco_halo_mining/output/faa_per_region/CP107784.region003.faa
CP107783.region012,/datadrive/glyco_halo_mining/output/faa_per_region/CP107783.region012.faa
CP107782.region027,/datadrive/glyco_halo_mining/output/faa_per_region/CP107782.region027.faa
CP107782.region028,/datadrive/glyco_halo_mining/output/faa_per_region/CP107782.region028.faa
CP107774.region018,/datadrive/glyco_halo_mining/output/faa_per_region/CP107774.region018.faa
CP107772.region022,/datadrive/glyco_halo_mining/output/faa_per_region/CP107772.region022.faa
CP107761.region003,/datadrive/glyco_halo_mining/output/faa_per_region/CP107761.region003.faa
CP108324.region013,/datadrive/glyco_halo_mining/output/faa_per_region/CP108324.region013.faa
CP107755.region002,/datadrive/glyco_halo_mining/output/faa_per_region/CP107755.region002.faa
CP107753.region020,/datadrive/glyco_halo_mining/output/faa_per_region/CP107753.region020.faa
CP108323.region013,/datadrive/glyco_halo_mining/output/faa_per_region/CP108323.region013.faa
CP107751.region007,/datadrive/glyco_halo_mining/output/faa_per_region/CP107751.region007.faa
CP107742.region013,/datadrive/glyco_halo_mining/output/faa_per_region/CP107742.region013.faa
CP109044.region007,/datadrive/glyco_halo_mining/output/faa_per_region/CP109044.region007.faa
CP109037.region012,/datadrive/glyco_halo_mining/output/faa_per_region/CP109037.region012.faa
CP109018.region005,/datadrive/glyco_halo_mining/output/faa_per_region/CP109018.region005.faa
CP109018.region014,/datadrive/glyco_halo_mining/output/faa_per_region/CP109018.region014.faa
CP109015.region017,/datadrive/glyco_halo_mining/output/faa_per_region/CP109015.region017.faa
CP109009.region007,/datadrive/glyco_halo_mining/output/faa_per_region/CP109009.region007.faa
CP109009.region016,/datadrive/glyco_halo_mining/output/faa_per_region/CP109009.region016.faa
CP109009.region019,/datadrive/glyco_halo_mining/output/faa_per_region/CP109009.region019.faa
CP109009.region026,/datadrive/glyco_halo_mining/output/faa_per_region/CP109009.region026.faa
CP109007.region013,/datadrive/glyco_halo_mining/output/faa_per_region/CP109007.region013.faa
CP109006.region001,/datadrive/glyco_halo_mining/output/faa_per_region/CP109006.region001.faa
CP109006.region009,/datadrive/glyco_halo_mining/output/faa_per_region/CP109006.region009.faa
CP109005.region001,/datadrive/glyco_halo_mining/output/faa_per_region/CP109005.region001.faa
CP109005.region010,/datadrive/glyco_halo_mining/output/faa_per_region/CP109005.region010.faa
CP109004.region001,/datadrive/glyco_halo_mining/output/faa_per_region/CP109004.region001.faa
CP109004.region042,/datadrive/glyco_halo_mining/output/faa_per_region/CP109004.region042.faa
CP109003.region016,/datadrive/glyco_halo_mining/output/faa_per_region/CP109003.region016.faa
CP109003.region019,/datadrive/glyco_halo_mining/output/faa_per_region/CP109003.region019.faa
CP108997.region020,/datadrive/glyco_halo_mining/output/faa_per_region/CP108997.region020.faa
CP108994.region015,/datadrive/glyco_halo_mining/output/faa_per_region/CP108994.region015.faa
CP108993.region015,/datadrive/glyco_halo_mining/output/faa_per_region/CP108993.region015.faa
CP108991.region001,/datadrive/glyco_halo_mining/output/faa_per_region/CP108991.region001.faa
CP108983.region010,/datadrive/glyco_halo_mining/output/faa_per_region/CP108983.region010.faa
CP108981.region021,/datadrive/glyco_halo_mining/output/faa_per_region/CP108981.region021.faa
CP108974.region008,/datadrive/glyco_halo_mining/output/faa_per_region/CP108974.region008.faa
CP108974.region009,/datadrive/glyco_halo_mining/output/faa_per_region/CP108974.region009.faa
CP108969.region006,/datadrive/glyco_halo_mining/output/faa_per_region/CP108969.region006.faa
CP108969.region025,/datadrive/glyco_halo_mining/output/faa_per_region/CP108969.region025.faa
CP108965.region009,/datadrive/glyco_halo_mining/output/faa_per_region/CP108965.region009.faa
CP108954.region002,/datadrive/glyco_halo_mining/output/faa_per_region/CP108954.region002.faa
CP108954.region023,/datadrive/glyco_halo_mining/output/faa_per_region/CP108954.region023.faa
CP108954.region030,/datadrive/glyco_halo_mining/output/faa_per_region/CP108954.region030.faa
CP108951.region022,/datadrive/glyco_halo_mining/output/faa_per_region/CP108951.region022.faa
CP109062.region003,/datadrive/glyco_halo_mining/output/faa_per_region/CP109062.region003.faa
CP109062.region024,/datadrive/glyco_halo_mining/output/faa_per_region/CP109062.region024.faa
CP108945.region023,/datadrive/glyco_halo_mining/output/faa_per_region/CP108945.region023.faa
CP108944.region023,/datadrive/glyco_halo_mining/output/faa_per_region/CP108944.region023.faa
CP108944.region025,/datadrive/glyco_halo_mining/output/faa_per_region/CP108944.region025.faa
CP108944.region027,/datadrive/glyco_halo_mining/output/faa_per_region/CP108944.region027.faa
CP108924.region001,/datadrive/glyco_halo_mining/output/faa_per_region/CP108924.region001.faa
CP108920.region001,/datadrive/glyco_halo_mining/output/faa_per_region/CP108920.region001.faa
CP108920.region020,/datadrive/glyco_halo_mining/output/faa_per_region/CP108920.region020.faa
CP108920.region026,/datadrive/glyco_halo_mining/output/faa_per_region/CP108920.region026.faa
CP108915.region002,/datadrive/glyco_halo_mining/output/faa_per_region/CP108915.region002.faa
CP108915.region023,/datadrive/glyco_halo_mining/output/faa_per_region/CP108915.region023.faa
CP108915.region030,/datadrive/glyco_halo_mining/output/faa_per_region/CP108915.region030.faa
CP108912.region001,/datadrive/glyco_halo_mining/output/faa_per_region/CP108912.region001.faa
CP108912.region024,/datadrive/glyco_halo_mining/output/faa_per_region/CP108912.region024.faa
CP108902.region030,/datadrive/glyco_halo_mining/output/faa_per_region/CP108902.region030.faa
CP108895.region012,/datadrive/glyco_halo_mining/output/faa_per_region/CP108895.region012.faa
CP108894.region003,/datadrive/glyco_halo_mining/output/faa_per_region/CP108894.region003.faa
CP108891.region002,/datadrive/glyco_halo_mining/output/faa_per_region/CP108891.region002.faa
CP108889.region015,/datadrive/glyco_halo_mining/output/faa_per_region/CP108889.region015.faa
CP108889.region016,/datadrive/glyco_halo_mining/output/faa_per_region/CP108889.region016.faa
CP108889.region033,/datadrive/glyco_halo_mining/output/faa_per_region/CP108889.region033.faa
CP108882.region021,/datadrive/glyco_halo_mining/output/faa_per_region/CP108882.region021.faa
CP108863.region001,/datadrive/glyco_halo_mining/output/faa_per_region/CP108863.region001.faa
CP108863.region031,/datadrive/glyco_halo_mining/output/faa_per_region/CP108863.region031.faa
CP108863.region039,/datadrive/glyco_halo_mining/output/faa_per_region/CP108863.region039.faa
CP108861.region001,/datadrive/glyco_halo_mining/output/faa_per_region/CP108861.region001.faa
CP108861.region022,/datadrive/glyco_halo_mining/output/faa_per_region/CP108861.region022.faa
CP108861.region031,/datadrive/glyco_halo_mining/output/faa_per_region/CP108861.region031.faa
CP108857.region009,/datadrive/glyco_halo_mining/output/faa_per_region/CP108857.region009.faa
CP108850.region016,/datadrive/glyco_halo_mining/output/faa_per_region/CP108850.region016.faa
CP108849.region001,/datadrive/glyco_halo_mining/output/faa_per_region/CP108849.region001.faa
CP108849.region010,/datadrive/glyco_halo_mining/output/faa_per_region/CP108849.region010.faa
CP109061.region003,/datadrive/glyco_halo_mining/output/faa_per_region/CP109061.region003.faa
CP108806.region001,/datadrive/glyco_halo_mining/output/faa_per_region/CP108806.region001.faa
CP108806.region029,/datadrive/glyco_halo_mining/output/faa_per_region/CP108806.region029.faa
CP108803.region004,/datadrive/glyco_halo_mining/output/faa_per_region/CP108803.region004.faa
CP108784.region006,/datadrive/glyco_halo_mining/output/faa_per_region/CP108784.region006.faa
CP108783.region002,/datadrive/glyco_halo_mining/output/faa_per_region/CP108783.region002.faa
CP108776.region001,/datadrive/glyco_halo_mining/output/faa_per_region/CP108776.region001.faa
CP108773.region020,/datadrive/glyco_halo_mining/output/faa_per_region/CP108773.region020.faa
CP108773.region029,/datadrive/glyco_halo_mining/output/faa_per_region/CP108773.region029.faa
CP108768.region019,/datadrive/glyco_halo_mining/output/faa_per_region/CP108768.region019.faa
CP108765.region001,/datadrive/glyco_halo_mining/output/faa_per_region/CP108765.region001.faa
CP108765.region016,/datadrive/glyco_halo_mining/output/faa_per_region/CP108765.region016.faa
CP108760.region006,/datadrive/glyco_halo_mining/output/faa_per_region/CP108760.region006.faa
CP108760.region024,/datadrive/glyco_halo_mining/output/faa_per_region/CP108760.region024.faa
CP108759.region011,/datadrive/glyco_halo_mining/output/faa_per_region/CP108759.region011.faa
CP108755.region010,/datadrive/glyco_halo_mining/output/faa_per_region/CP108755.region010.faa
CP108755.region030,/datadrive/glyco_halo_mining/output/faa_per_region/CP108755.region030.faa
CP108753.region007,/datadrive/glyco_halo_mining/output/faa_per_region/CP108753.region007.faa
CP108753.region025,/datadrive/glyco_halo_mining/output/faa_per_region/CP108753.region025.faa
CP108752.region013,/datadrive/glyco_halo_mining/output/faa_per_region/CP108752.region013.faa
CP108745.region012,/datadrive/glyco_halo_mining/output/faa_per_region/CP108745.region012.faa
CP108745.region026,/datadrive/glyco_halo_mining/output/faa_per_region/CP108745.region026.faa
CP108744.region007,/datadrive/glyco_halo_mining/output/faa_per_region/CP108744.region007.faa
CP108744.region025,/datadrive/glyco_halo_mining/output/faa_per_region/CP108744.region025.faa
CP108743.region007,/datadrive/glyco_halo_mining/output/faa_per_region/CP108743.region007.faa
CP108737.region020,/datadrive/glyco_halo_mining/output/faa_per_region/CP108737.region020.faa
CP108734.region016,/datadrive/glyco_halo_mining/output/faa_per_region/CP108734.region016.faa
CP108731.region013,/datadrive/glyco_halo_mining/output/faa_per_region/CP108731.region013.faa
CP108728.region034,/datadrive/glyco_halo_mining/output/faa_per_region/CP108728.region034.faa
CP108726.region014,/datadrive/glyco_halo_mining/output/faa_per_region/CP108726.region014.faa
CP108724.region007,/datadrive/glyco_halo_mining/output/faa_per_region/CP108724.region007.faa
CP108718.region018,/datadrive/glyco_halo_mining/output/faa_per_region/CP108718.region018.faa
CP108712.region003,/datadrive/glyco_halo_mining/output/faa_per_region/CP108712.region003.faa
CP109059.region016,/datadrive/glyco_halo_mining/output/faa_per_region/CP109059.region016.faa
CP108700.region023,/datadrive/glyco_halo_mining/output/faa_per_region/CP108700.region023.faa
CP108701.region001,/datadrive/glyco_halo_mining/output/faa_per_region/CP108701.region001.faa
CP108692.region017,/datadrive/glyco_halo_mining/output/faa_per_region/CP108692.region017.faa
CP108685.region002,/datadrive/glyco_halo_mining/output/faa_per_region/CP108685.region002.faa
CP108684.region036,/datadrive/glyco_halo_mining/output/faa_per_region/CP108684.region036.faa
CP108683.region039,/datadrive/glyco_halo_mining/output/faa_per_region/CP108683.region039.faa
CP108682.region013,/datadrive/glyco_halo_mining/output/faa_per_region/CP108682.region013.faa
CP108681.region011,/datadrive/glyco_halo_mining/output/faa_per_region/CP108681.region011.faa
CP108681.region025,/datadrive/glyco_halo_mining/output/faa_per_region/CP108681.region025.faa
CP108674.region001,/datadrive/glyco_halo_mining/output/faa_per_region/CP108674.region001.faa
CP108671.region002,/datadrive/glyco_halo_mining/output/faa_per_region/CP108671.region002.faa
CP108671.region009,/datadrive/glyco_halo_mining/output/faa_per_region/CP108671.region009.faa
CP108671.region016,/datadrive/glyco_halo_mining/output/faa_per_region/CP108671.region016.faa
CP108674.region026,/datadrive/glyco_halo_mining/output/faa_per_region/CP108674.region026.faa
CP108670.region019,/datadrive/glyco_halo_mining/output/faa_per_region/CP108670.region019.faa
CP108669.region001,/datadrive/glyco_halo_mining/output/faa_per_region/CP108669.region001.faa
CP108669.region017,/datadrive/glyco_halo_mining/output/faa_per_region/CP108669.region017.faa
CP108669.region028,/datadrive/glyco_halo_mining/output/faa_per_region/CP108669.region028.faa
CP108669.region033,/datadrive/glyco_halo_mining/output/faa_per_region/CP108669.region033.faa
CP108661.region020,/datadrive/glyco_halo_mining/output/faa_per_region/CP108661.region020.faa
CP108660.region009,/datadrive/glyco_halo_mining/output/faa_per_region/CP108660.region009.faa
CP108654.region011,/datadrive/glyco_halo_mining/output/faa_per_region/CP108654.region011.faa
CP108653.region012,/datadrive/glyco_halo_mining/output/faa_per_region/CP108653.region012.faa
CP108651.region018,/datadrive/glyco_halo_mining/output/faa_per_region/CP108651.region018.faa
CP108649.region006,/datadrive/glyco_halo_mining/output/faa_per_region/CP108649.region006.faa
CP108647.region010,/datadrive/glyco_halo_mining/output/faa_per_region/CP108647.region010.faa
CP108644.region020,/datadrive/glyco_halo_mining/output/faa_per_region/CP108644.region020.faa
CP108644.region035,/datadrive/glyco_halo_mining/output/faa_per_region/CP108644.region035.faa
CP108642.region008,/datadrive/glyco_halo_mining/output/faa_per_region/CP108642.region008.faa
CP108640.region017,/datadrive/glyco_halo_mining/output/faa_per_region/CP108640.region017.faa
CP108632.region021,/datadrive/glyco_halo_mining/output/faa_per_region/CP108632.region021.faa
CP108627.region013,/datadrive/glyco_halo_mining/output/faa_per_region/CP108627.region013.faa
CP108627.region024,/datadrive/glyco_halo_mining/output/faa_per_region/CP108627.region024.faa
CP108621.region007,/datadrive/glyco_halo_mining/output/faa_per_region/CP108621.region007.faa
CP108621.region018,/datadrive/glyco_halo_mining/output/faa_per_region/CP108621.region018.faa
CP108616.region001,/datadrive/glyco_halo_mining/output/faa_per_region/CP108616.region001.faa
CP108616.region031,/datadrive/glyco_halo_mining/output/faa_per_region/CP108616.region031.faa
CP108616.region038,/datadrive/glyco_halo_mining/output/faa_per_region/CP108616.region038.faa
CP108612.region013,/datadrive/glyco_halo_mining/output/faa_per_region/CP108612.region013.faa
CP108611.region015,/datadrive/glyco_halo_mining/output/faa_per_region/CP108611.region015.faa
CP108611.region036,/datadrive/glyco_halo_mining/output/faa_per_region/CP108611.region036.faa
CP108610.region010,/datadrive/glyco_halo_mining/output/faa_per_region/CP108610.region010.faa
CP108609.region001,/datadrive/glyco_halo_mining/output/faa_per_region/CP108609.region001.faa
CP108592.region025,/datadrive/glyco_halo_mining/output/faa_per_region/CP108592.region025.faa
CP108588.region002,/datadrive/glyco_halo_mining/output/faa_per_region/CP108588.region002.faa
CP108588.region023,/datadrive/glyco_halo_mining/output/faa_per_region/CP108588.region023.faa
CP108585.region005,/datadrive/glyco_halo_mining/output/faa_per_region/CP108585.region005.faa
CP108582.region005,/datadrive/glyco_halo_mining/output/faa_per_region/CP108582.region005.faa
CP108580.region003,/datadrive/glyco_halo_mining/output/faa_per_region/CP108580.region003.faa
CP108580.region028,/datadrive/glyco_halo_mining/output/faa_per_region/CP108580.region028.faa
CP108577.region006,/datadrive/glyco_halo_mining/output/faa_per_region/CP108577.region006.faa
CP108575.region002,/datadrive/glyco_halo_mining/output/faa_per_region/CP108575.region002.faa
CP108575.region016,/datadrive/glyco_halo_mining/output/faa_per_region/CP108575.region016.faa
CP108575.region036,/datadrive/glyco_halo_mining/output/faa_per_region/CP108575.region036.faa
CP108573.region023,/datadrive/glyco_halo_mining/output/faa_per_region/CP108573.region023.faa
CP108571.region017,/datadrive/glyco_halo_mining/output/faa_per_region/CP108571.region017.faa
CP108568.region002,/datadrive/glyco_halo_mining/output/faa_per_region/CP108568.region002.faa
CP108568.region009,/datadrive/glyco_halo_mining/output/faa_per_region/CP108568.region009.faa
CP108567.region008,/datadrive/glyco_halo_mining/output/faa_per_region/CP108567.region008.faa
CP108557.region025,/datadrive/glyco_halo_mining/output/faa_per_region/CP108557.region025.faa
CP108554.region001,/datadrive/glyco_halo_mining/output/faa_per_region/CP108554.region001.faa
CP108554.region002,/datadrive/glyco_halo_mining/output/faa_per_region/CP108554.region002.faa
CP108546.region016,/datadrive/glyco_halo_mining/output/faa_per_region/CP108546.region016.faa
CP108540.region016,/datadrive/glyco_halo_mining/output/faa_per_region/CP108540.region016.faa
CP108677.region002,/datadrive/glyco_halo_mining/output/faa_per_region/CP108677.region002.faa
CP108677.region013,/datadrive/glyco_halo_mining/output/faa_per_region/CP108677.region013.faa
CP108538.region009,/datadrive/glyco_halo_mining/output/faa_per_region/CP108538.region009.faa
CP108524.region022,/datadrive/glyco_halo_mining/output/faa_per_region/CP108524.region022.faa
CP108522.region002,/datadrive/glyco_halo_mining/output/faa_per_region/CP108522.region002.faa
CP108521.region009,/datadrive/glyco_halo_mining/output/faa_per_region/CP108521.region009.faa
CP108514.region035,/datadrive/glyco_halo_mining/output/faa_per_region/CP108514.region035.faa
CP108514.region037,/datadrive/glyco_halo_mining/output/faa_per_region/CP108514.region037.faa
CP108513.region032,/datadrive/glyco_halo_mining/output/faa_per_region/CP108513.region032.faa
CP108512.region017,/datadrive/glyco_halo_mining/output/faa_per_region/CP108512.region017.faa
CP108508.region012,/datadrive/glyco_halo_mining/output/faa_per_region/CP108508.region012.faa
CP108501.region004,/datadrive/glyco_halo_mining/output/faa_per_region/CP108501.region004.faa
CP108497.region006,/datadrive/glyco_halo_mining/output/faa_per_region/CP108497.region006.faa
CP108494.region021,/datadrive/glyco_halo_mining/output/faa_per_region/CP108494.region021.faa
CP108491.region014,/datadrive/glyco_halo_mining/output/faa_per_region/CP108491.region014.faa
CP108488.region003,/datadrive/glyco_halo_mining/output/faa_per_region/CP108488.region003.faa
CP108482.region012,/datadrive/glyco_halo_mining/output/faa_per_region/CP108482.region012.faa
CP108482.region019,/datadrive/glyco_halo_mining/output/faa_per_region/CP108482.region019.faa
CP108482.region032,/datadrive/glyco_halo_mining/output/faa_per_region/CP108482.region032.faa
CP108476.region007,/datadrive/glyco_halo_mining/output/faa_per_region/CP108476.region007.faa
CP108476.region010,/datadrive/glyco_halo_mining/output/faa_per_region/CP108476.region010.faa
CP108476.region042,/datadrive/glyco_halo_mining/output/faa_per_region/CP108476.region042.faa
CP108464.region012,/datadrive/glyco_halo_mining/output/faa_per_region/CP108464.region012.faa
CP108463.region031,/datadrive/glyco_halo_mining/output/faa_per_region/CP108463.region031.faa
CP108460.region005,/datadrive/glyco_halo_mining/output/faa_per_region/CP108460.region005.faa
CP108460.region018,/datadrive/glyco_halo_mining/output/faa_per_region/CP108460.region018.faa
CP108460.region025,/datadrive/glyco_halo_mining/output/faa_per_region/CP108460.region025.faa
CP108458.region018,/datadrive/glyco_halo_mining/output/faa_per_region/CP108458.region018.faa
CP108458.region024,/datadrive/glyco_halo_mining/output/faa_per_region/CP108458.region024.faa
CP108458.region026,/datadrive/glyco_halo_mining/output/faa_per_region/CP108458.region026.faa
CP108455.region028,/datadrive/glyco_halo_mining/output/faa_per_region/CP108455.region028.faa
CP108454.region030,/datadrive/glyco_halo_mining/output/faa_per_region/CP108454.region030.faa
CP108451.region010,/datadrive/glyco_halo_mining/output/faa_per_region/CP108451.region010.faa
CP108450.region012,/datadrive/glyco_halo_mining/output/faa_per_region/CP108450.region012.faa
CP108447.region011,/datadrive/glyco_halo_mining/output/faa_per_region/CP108447.region011.faa
CP108442.region002,/datadrive/glyco_halo_mining/output/faa_per_region/CP108442.region002.faa
CP108442.region016,/datadrive/glyco_halo_mining/output/faa_per_region/CP108442.region016.faa
CP108442.region021,/datadrive/glyco_halo_mining/output/faa_per_region/CP108442.region021.faa
CP108442.region023,/datadrive/glyco_halo_mining/output/faa_per_region/CP108442.region023.faa
CP108439.region010,/datadrive/glyco_halo_mining/output/faa_per_region/CP108439.region010.faa
CP108439.region031,/datadrive/glyco_halo_mining/output/faa_per_region/CP108439.region031.faa
CP108438.region011,/datadrive/glyco_halo_mining/output/faa_per_region/CP108438.region011.faa
CP108428.region018,/datadrive/glyco_halo_mining/output/faa_per_region/CP108428.region018.faa
CP108427.region019,/datadrive/glyco_halo_mining/output/faa_per_region/CP108427.region019.faa
CP108426.region003,/datadrive/glyco_halo_mining/output/faa_per_region/CP108426.region003.faa
CP108425.region011,/datadrive/glyco_halo_mining/output/faa_per_region/CP108425.region011.faa
CP108425.region014,/datadrive/glyco_halo_mining/output/faa_per_region/CP108425.region014.faa
CP108420.region006,/datadrive/glyco_halo_mining/output/faa_per_region/CP108420.region006.faa
CP108419.region013,/datadrive/glyco_halo_mining/output/faa_per_region/CP108419.region013.faa
CP108414.region017,/datadrive/glyco_halo_mining/output/faa_per_region/CP108414.region017.faa
CP108404.region007,/datadrive/glyco_halo_mining/output/faa_per_region/CP108404.region007.faa
CP108404.region009,/datadrive/glyco_halo_mining/output/faa_per_region/CP108404.region009.faa
CP108404.region039,/datadrive/glyco_halo_mining/output/faa_per_region/CP108404.region039.faa
CP108403.region021,/datadrive/glyco_halo_mining/output/faa_per_region/CP108403.region021.faa
CP108396.region027,/datadrive/glyco_halo_mining/output/faa_per_region/CP108396.region027.faa
CP108393.region009,/datadrive/glyco_halo_mining/output/faa_per_region/CP108393.region009.faa
CP108388.region003,/datadrive/glyco_halo_mining/output/faa_per_region/CP108388.region003.faa
CP109051.region008,/datadrive/glyco_halo_mining/output/faa_per_region/CP109051.region008.faa
CP109051.region014,/datadrive/glyco_halo_mining/output/faa_per_region/CP109051.region014.faa
CP108379.region013,/datadrive/glyco_halo_mining/output/faa_per_region/CP108379.region013.faa
CP108378.region026,/datadrive/glyco_halo_mining/output/faa_per_region/CP108378.region026.faa
CP108376.region018,/datadrive/glyco_halo_mining/output/faa_per_region/CP108376.region018.faa
CP108368.region026,/datadrive/glyco_halo_mining/output/faa_per_region/CP108368.region026.faa
CP108367.region013,/datadrive/glyco_halo_mining/output/faa_per_region/CP108367.region013.faa
CP108367.region035,/datadrive/glyco_halo_mining/output/faa_per_region/CP108367.region035.faa
CP108364.region011,/datadrive/glyco_halo_mining/output/faa_per_region/CP108364.region011.faa
CP108364.region026,/datadrive/glyco_halo_mining/output/faa_per_region/CP108364.region026.faa
CP108362.region018,/datadrive/glyco_halo_mining/output/faa_per_region/CP108362.region018.faa
CP108363.region004,/datadrive/glyco_halo_mining/output/faa_per_region/CP108363.region004.faa
CP108360.region015,/datadrive/glyco_halo_mining/output/faa_per_region/CP108360.region015.faa
CP108360.region035,/datadrive/glyco_halo_mining/output/faa_per_region/CP108360.region035.faa
CP108352.region013,/datadrive/glyco_halo_mining/output/faa_per_region/CP108352.region013.faa
CP109589.region013,/datadrive/glyco_halo_mining/output/faa_per_region/CP109589.region013.faa
CP109581.region014,/datadrive/glyco_halo_mining/output/faa_per_region/CP109581.region014.faa
CP109580.region003,/datadrive/glyco_halo_mining/output/faa_per_region/CP109580.region003.faa
CP109580.region004,/datadrive/glyco_halo_mining/output/faa_per_region/CP109580.region004.faa
CP109570.region011,/datadrive/glyco_halo_mining/output/faa_per_region/CP109570.region011.faa
CP109565.region011,/datadrive/glyco_halo_mining/output/faa_per_region/CP109565.region011.faa
CP109561.region014,/datadrive/glyco_halo_mining/output/faa_per_region/CP109561.region014.faa
CP109559.region021,/datadrive/glyco_halo_mining/output/faa_per_region/CP109559.region021.faa
CP109558.region017,/datadrive/glyco_halo_mining/output/faa_per_region/CP109558.region017.faa
CP109556.region029,/datadrive/glyco_halo_mining/output/faa_per_region/CP109556.region029.faa
CP109552.region010,/datadrive/glyco_halo_mining/output/faa_per_region/CP109552.region010.faa
CP109550.region001,/datadrive/glyco_halo_mining/output/faa_per_region/CP109550.region001.faa
CP109550.region021,/datadrive/glyco_halo_mining/output/faa_per_region/CP109550.region021.faa
CP109538.region014,/datadrive/glyco_halo_mining/output/faa_per_region/CP109538.region014.faa
CP109535.region015,/datadrive/glyco_halo_mining/output/faa_per_region/CP109535.region015.faa
CP109534.region015,/datadrive/glyco_halo_mining/output/faa_per_region/CP109534.region015.faa
CP109529.region015,/datadrive/glyco_halo_mining/output/faa_per_region/CP109529.region015.faa
CP109529.region030,/datadrive/glyco_halo_mining/output/faa_per_region/CP109529.region030.faa
CP109528.region026,/datadrive/glyco_halo_mining/output/faa_per_region/CP109528.region026.faa
CP109522.region018,/datadrive/glyco_halo_mining/output/faa_per_region/CP109522.region018.faa
CP109518.region019,/datadrive/glyco_halo_mining/output/faa_per_region/CP109518.region019.faa
CP109517.region016,/datadrive/glyco_halo_mining/output/faa_per_region/CP109517.region016.faa
CP109515.region018,/datadrive/glyco_halo_mining/output/faa_per_region/CP109515.region018.faa
CP109511.region019,/datadrive/glyco_halo_mining/output/faa_per_region/CP109511.region019.faa
CP109500.region009,/datadrive/glyco_halo_mining/output/faa_per_region/CP109500.region009.faa
CP109501.region003,/datadrive/glyco_halo_mining/output/faa_per_region/CP109501.region003.faa
CP109501.region004,/datadrive/glyco_halo_mining/output/faa_per_region/CP109501.region004.faa
CP109496.region008,/datadrive/glyco_halo_mining/output/faa_per_region/CP109496.region008.faa
CP109495.region026,/datadrive/glyco_halo_mining/output/faa_per_region/CP109495.region026.faa
CP109495.region035,/datadrive/glyco_halo_mining/output/faa_per_region/CP109495.region035.faa
CP109493.region001,/datadrive/glyco_halo_mining/output/faa_per_region/CP109493.region001.faa
CP109491.region018,/datadrive/glyco_halo_mining/output/faa_per_region/CP109491.region018.faa
CP109490.region017,/datadrive/glyco_halo_mining/output/faa_per_region/CP109490.region017.faa
CP109487.region002,/datadrive/glyco_halo_mining/output/faa_per_region/CP109487.region002.faa
CP109487.region023,/datadrive/glyco_halo_mining/output/faa_per_region/CP109487.region023.faa
CP109485.region011,/datadrive/glyco_halo_mining/output/faa_per_region/CP109485.region011.faa
CP109483.region001,/datadrive/glyco_halo_mining/output/faa_per_region/CP109483.region001.faa
CP109483.region010,/datadrive/glyco_halo_mining/output/faa_per_region/CP109483.region010.faa
CP109478.region007,/datadrive/glyco_halo_mining/output/faa_per_region/CP109478.region007.faa
CP109460.region032,/datadrive/glyco_halo_mining/output/faa_per_region/CP109460.region032.faa
CP109475.region008,/datadrive/glyco_halo_mining/output/faa_per_region/CP109475.region008.faa
CP109455.region036,/datadrive/glyco_halo_mining/output/faa_per_region/CP109455.region036.faa
CP109472.region023,/datadrive/glyco_halo_mining/output/faa_per_region/CP109472.region023.faa
CP109470.region009,/datadrive/glyco_halo_mining/output/faa_per_region/CP109470.region009.faa
CP109450.region018,/datadrive/glyco_halo_mining/output/faa_per_region/CP109450.region018.faa
CP109451.region001,/datadrive/glyco_halo_mining/output/faa_per_region/CP109451.region001.faa
CP109449.region011,/datadrive/glyco_halo_mining/output/faa_per_region/CP109449.region011.faa
CP109446.region014,/datadrive/glyco_halo_mining/output/faa_per_region/CP109446.region014.faa
CP109445.region014,/datadrive/glyco_halo_mining/output/faa_per_region/CP109445.region014.faa
CP109442.region004,/datadrive/glyco_halo_mining/output/faa_per_region/CP109442.region004.faa
CP109437.region005,/datadrive/glyco_halo_mining/output/faa_per_region/CP109437.region005.faa
CP109434.region020,/datadrive/glyco_halo_mining/output/faa_per_region/CP109434.region020.faa
CP109433.region015,/datadrive/glyco_halo_mining/output/faa_per_region/CP109433.region015.faa
CP109432.region017,/datadrive/glyco_halo_mining/output/faa_per_region/CP109432.region017.faa
CP109429.region012,/datadrive/glyco_halo_mining/output/faa_per_region/CP109429.region012.faa
CP109429.region016,/datadrive/glyco_halo_mining/output/faa_per_region/CP109429.region016.faa
CP109598.region014,/datadrive/glyco_halo_mining/output/faa_per_region/CP109598.region014.faa
CP109422.region023,/datadrive/glyco_halo_mining/output/faa_per_region/CP109422.region023.faa
CP109421.region024,/datadrive/glyco_halo_mining/output/faa_per_region/CP109421.region024.faa
CP109421.region034,/datadrive/glyco_halo_mining/output/faa_per_region/CP109421.region034.faa
CP109419.region013,/datadrive/glyco_halo_mining/output/faa_per_region/CP109419.region013.faa
CP109419.region018,/datadrive/glyco_halo_mining/output/faa_per_region/CP109419.region018.faa
CP109418.region005,/datadrive/glyco_halo_mining/output/faa_per_region/CP109418.region005.faa
CP109417.region018,/datadrive/glyco_halo_mining/output/faa_per_region/CP109417.region018.faa
CP109413.region020,/datadrive/glyco_halo_mining/output/faa_per_region/CP109413.region020.faa
CP109407.region038,/datadrive/glyco_halo_mining/output/faa_per_region/CP109407.region038.faa
CP109404.region017,/datadrive/glyco_halo_mining/output/faa_per_region/CP109404.region017.faa
CP109403.region019,/datadrive/glyco_halo_mining/output/faa_per_region/CP109403.region019.faa
CP109400.region018,/datadrive/glyco_halo_mining/output/faa_per_region/CP109400.region018.faa
CP109395.region019,/datadrive/glyco_halo_mining/output/faa_per_region/CP109395.region019.faa
CP109393.region026,/datadrive/glyco_halo_mining/output/faa_per_region/CP109393.region026.faa
CP109393.region035,/datadrive/glyco_halo_mining/output/faa_per_region/CP109393.region035.faa
CP109390.region016,/datadrive/glyco_halo_mining/output/faa_per_region/CP109390.region016.faa
CP109389.region026,/datadrive/glyco_halo_mining/output/faa_per_region/CP109389.region026.faa
CP109389.region036,/datadrive/glyco_halo_mining/output/faa_per_region/CP109389.region036.faa
CP109387.region017,/datadrive/glyco_halo_mining/output/faa_per_region/CP109387.region017.faa
CP109377.region015,/datadrive/glyco_halo_mining/output/faa_per_region/CP109377.region015.faa
CP109377.region018,/datadrive/glyco_halo_mining/output/faa_per_region/CP109377.region018.faa
CP109370.region014,/datadrive/glyco_halo_mining/output/faa_per_region/CP109370.region014.faa
CP109369.region004,/datadrive/glyco_halo_mining/output/faa_per_region/CP109369.region004.faa
CP109368.region018,/datadrive/glyco_halo_mining/output/faa_per_region/CP109368.region018.faa
CP109364.region043,/datadrive/glyco_halo_mining/output/faa_per_region/CP109364.region043.faa
CP109354.region016,/datadrive/glyco_halo_mining/output/faa_per_region/CP109354.region016.faa
CP109349.region015,/datadrive/glyco_halo_mining/output/faa_per_region/CP109349.region015.faa
CP109349.region018,/datadrive/glyco_halo_mining/output/faa_per_region/CP109349.region018.faa
CP109347.region017,/datadrive/glyco_halo_mining/output/faa_per_region/CP109347.region017.faa
CP109343.region021,/datadrive/glyco_halo_mining/output/faa_per_region/CP109343.region021.faa
CP109341.region018,/datadrive/glyco_halo_mining/output/faa_per_region/CP109341.region018.faa
CP109333.region016,/datadrive/glyco_halo_mining/output/faa_per_region/CP109333.region016.faa
CP109322.region016,/datadrive/glyco_halo_mining/output/faa_per_region/CP109322.region016.faa
CP109320.region016,/datadrive/glyco_halo_mining/output/faa_per_region/CP109320.region016.faa
CP109320.region037,/datadrive/glyco_halo_mining/output/faa_per_region/CP109320.region037.faa
CP109317.region018,/datadrive/glyco_halo_mining/output/faa_per_region/CP109317.region018.faa
CP109314.region020,/datadrive/glyco_halo_mining/output/faa_per_region/CP109314.region020.faa
CP109309.region001,/datadrive/glyco_halo_mining/output/faa_per_region/CP109309.region001.faa
CP109309.region023,/datadrive/glyco_halo_mining/output/faa_per_region/CP109309.region023.faa
CP109307.region002,/datadrive/glyco_halo_mining/output/faa_per_region/CP109307.region002.faa
CP109306.region003,/datadrive/glyco_halo_mining/output/faa_per_region/CP109306.region003.faa
CP109302.region035,/datadrive/glyco_halo_mining/output/faa_per_region/CP109302.region035.faa
CP109301.region022,/datadrive/glyco_halo_mining/output/faa_per_region/CP109301.region022.faa
CP109299.region012,/datadrive/glyco_halo_mining/output/faa_per_region/CP109299.region012.faa
CP109294.region010,/datadrive/glyco_halo_mining/output/faa_per_region/CP109294.region010.faa
CP109287.region016,/datadrive/glyco_halo_mining/output/faa_per_region/CP109287.region016.faa
CP109283.region018,/datadrive/glyco_halo_mining/output/faa_per_region/CP109283.region018.faa
CP109281.region012,/datadrive/glyco_halo_mining/output/faa_per_region/CP109281.region012.faa
CP109279.region012,/datadrive/glyco_halo_mining/output/faa_per_region/CP109279.region012.faa
CP109279.region026,/datadrive/glyco_halo_mining/output/faa_per_region/CP109279.region026.faa
CP109277.region002,/datadrive/glyco_halo_mining/output/faa_per_region/CP109277.region002.faa
CP109273.region017,/datadrive/glyco_halo_mining/output/faa_per_region/CP109273.region017.faa
CP109273.region018,/datadrive/glyco_halo_mining/output/faa_per_region/CP109273.region018.faa
CP109272.region019,/datadrive/glyco_halo_mining/output/faa_per_region/CP109272.region019.faa
CP109270.region010,/datadrive/glyco_halo_mining/output/faa_per_region/CP109270.region010.faa
CP109268.region020,/datadrive/glyco_halo_mining/output/faa_per_region/CP109268.region020.faa
CP109264.region028,/datadrive/glyco_halo_mining/output/faa_per_region/CP109264.region028.faa
CP109262.region018,/datadrive/glyco_halo_mining/output/faa_per_region/CP109262.region018.faa
CP109256.region017,/datadrive/glyco_halo_mining/output/faa_per_region/CP109256.region017.faa
CP109255.region008,/datadrive/glyco_halo_mining/output/faa_per_region/CP109255.region008.faa
CP109255.region022,/datadrive/glyco_halo_mining/output/faa_per_region/CP109255.region022.faa
CP109252.region017,/datadrive/glyco_halo_mining/output/faa_per_region/CP109252.region017.faa
CP109245.region012,/datadrive/glyco_halo_mining/output/faa_per_region/CP109245.region012.faa
CP109243.region011,/datadrive/glyco_halo_mining/output/faa_per_region/CP109243.region011.faa
CP109238.region012,/datadrive/glyco_halo_mining/output/faa_per_region/CP109238.region012.faa
CP109235.region010,/datadrive/glyco_halo_mining/output/faa_per_region/CP109235.region010.faa
CP109234.region001,/datadrive/glyco_halo_mining/output/faa_per_region/CP109234.region001.faa
CP109234.region016,/datadrive/glyco_halo_mining/output/faa_per_region/CP109234.region016.faa
CP109226.region009,/datadrive/glyco_halo_mining/output/faa_per_region/CP109226.region009.faa
CP109225.region012,/datadrive/glyco_halo_mining/output/faa_per_region/CP109225.region012.faa
CP109224.region012,/datadrive/glyco_halo_mining/output/faa_per_region/CP109224.region012.faa
CP109594.region010,/datadrive/glyco_halo_mining/output/faa_per_region/CP109594.region010.faa
CP109215.region009,/datadrive/glyco_halo_mining/output/faa_per_region/CP109215.region009.faa
CP109211.region001,/datadrive/glyco_halo_mining/output/faa_per_region/CP109211.region001.faa
CP109211.region020,/datadrive/glyco_halo_mining/output/faa_per_region/CP109211.region020.faa
CP109210.region016,/datadrive/glyco_halo_mining/output/faa_per_region/CP109210.region016.faa
CP109210.region036,/datadrive/glyco_halo_mining/output/faa_per_region/CP109210.region036.faa
CP109592.region004,/datadrive/glyco_halo_mining/output/faa_per_region/CP109592.region004.faa
CP109203.region011,/datadrive/glyco_halo_mining/output/faa_per_region/CP109203.region011.faa
CP109201.region002,/datadrive/glyco_halo_mining/output/faa_per_region/CP109201.region002.faa
CP109199.region016,/datadrive/glyco_halo_mining/output/faa_per_region/CP109199.region016.faa
CP109190.region002,/datadrive/glyco_halo_mining/output/faa_per_region/CP109190.region002.faa
CP109191.region003,/datadrive/glyco_halo_mining/output/faa_per_region/CP109191.region003.faa
CP109182.region004,/datadrive/glyco_halo_mining/output/faa_per_region/CP109182.region004.faa
CP109181.region024,/datadrive/glyco_halo_mining/output/faa_per_region/CP109181.region024.faa
CP109173.region010,/datadrive/glyco_halo_mining/output/faa_per_region/CP109173.region010.faa
CP109167.region008,/datadrive/glyco_halo_mining/output/faa_per_region/CP109167.region008.faa
CP109166.region011,/datadrive/glyco_halo_mining/output/faa_per_region/CP109166.region011.faa
CP109166.region017,/datadrive/glyco_halo_mining/output/faa_per_region/CP109166.region017.faa
CP109157.region013,/datadrive/glyco_halo_mining/output/faa_per_region/CP109157.region013.faa
CP109156.region012,/datadrive/glyco_halo_mining/output/faa_per_region/CP109156.region012.faa
CP109155.region001,/datadrive/glyco_halo_mining/output/faa_per_region/CP109155.region001.faa
CP109153.region015,/datadrive/glyco_halo_mining/output/faa_per_region/CP109153.region015.faa
CP109151.region010,/datadrive/glyco_halo_mining/output/faa_per_region/CP109151.region010.faa
CP109151.region017,/datadrive/glyco_halo_mining/output/faa_per_region/CP109151.region017.faa
CP109150.region002,/datadrive/glyco_halo_mining/output/faa_per_region/CP109150.region002.faa
CP109150.region007,/datadrive/glyco_halo_mining/output/faa_per_region/CP109150.region007.faa
CP109150.region009,/datadrive/glyco_halo_mining/output/faa_per_region/CP109150.region009.faa
CP109150.region010,/datadrive/glyco_halo_mining/output/faa_per_region/CP109150.region010.faa
CP109146.region016,/datadrive/glyco_halo_mining/output/faa_per_region/CP109146.region016.faa
CP109144.region017,/datadrive/glyco_halo_mining/output/faa_per_region/CP109144.region017.faa
CP109142.region014,/datadrive/glyco_halo_mining/output/faa_per_region/CP109142.region014.faa
CP109140.region001,/datadrive/glyco_halo_mining/output/faa_per_region/CP109140.region001.faa
CP109140.region022,/datadrive/glyco_halo_mining/output/faa_per_region/CP109140.region022.faa
CP109140.region031,/datadrive/glyco_halo_mining/output/faa_per_region/CP109140.region031.faa
CP109134.region002,/datadrive/glyco_halo_mining/output/faa_per_region/CP109134.region002.faa
CP109132.region014,/datadrive/glyco_halo_mining/output/faa_per_region/CP109132.region014.faa
CP109132.region022,/datadrive/glyco_halo_mining/output/faa_per_region/CP109132.region022.faa
CP109127.region001,/datadrive/glyco_halo_mining/output/faa_per_region/CP109127.region001.faa
CP109127.region030,/datadrive/glyco_halo_mining/output/faa_per_region/CP109127.region030.faa
CP109125.region017,/datadrive/glyco_halo_mining/output/faa_per_region/CP109125.region017.faa
CP109118.region002,/datadrive/glyco_halo_mining/output/faa_per_region/CP109118.region002.faa
CP109115.region017,/datadrive/glyco_halo_mining/output/faa_per_region/CP109115.region017.faa
CP109114.region011,/datadrive/glyco_halo_mining/output/faa_per_region/CP109114.region011.faa
CP109114.region014,/datadrive/glyco_halo_mining/output/faa_per_region/CP109114.region014.faa
CP109112.region004,/datadrive/glyco_halo_mining/output/faa_per_region/CP109112.region004.faa
CP109112.region008,/datadrive/glyco_halo_mining/output/faa_per_region/CP109112.region008.faa
CP109109.region029,/datadrive/glyco_halo_mining/output/faa_per_region/CP109109.region029.faa
CP109109.region032,/datadrive/glyco_halo_mining/output/faa_per_region/CP109109.region032.faa
CP109104.region028,/datadrive/glyco_halo_mining/output/faa_per_region/CP109104.region028.faa
CP109091.region028,/datadrive/glyco_halo_mining/output/faa_per_region/CP109091.region028.faa
CP109091.region031,/datadrive/glyco_halo_mining/output/faa_per_region/CP109091.region031.faa
CP109088.region014,/datadrive/glyco_halo_mining/output/faa_per_region/CP109088.region014.faa
CP109085.region012,/datadrive/glyco_halo_mining/output/faa_per_region/CP109085.region012.faa
CP109083.region005,/datadrive/glyco_halo_mining/output/faa_per_region/CP109083.region005.faa
CP109083.region014,/datadrive/glyco_halo_mining/output/faa_per_region/CP109083.region014.faa
CP109083.region035,/datadrive/glyco_halo_mining/output/faa_per_region/CP109083.region035.faa
CP109079.region028,/datadrive/glyco_halo_mining/output/faa_per_region/CP109079.region028.faa
CP109077.region013,/datadrive/glyco_halo_mining/output/faa_per_region/CP109077.region013.faa
CP109077.region032,/datadrive/glyco_halo_mining/output/faa_per_region/CP109077.region032.faa
CP109074.region010,/datadrive/glyco_halo_mining/output/faa_per_region/CP109074.region010.faa
CP109074.region019,/datadrive/glyco_halo_mining/output/faa_per_region/CP109074.region019.faa
CP109072.region011,/datadrive/glyco_halo_mining/output/faa_per_region/CP109072.region011.faa
CP109071.region006,/datadrive/glyco_halo_mining/output/faa_per_region/CP109071.region006.faa
CP109071.region014,/datadrive/glyco_halo_mining/output/faa_per_region/CP109071.region014.faa
CP109067.region008,/datadrive/glyco_halo_mining/output/faa_per_region/CP109067.region008.faa
CP109067.region010,/datadrive/glyco_halo_mining/output/faa_per_region/CP109067.region010.faa
CP109067.region017,/datadrive/glyco_halo_mining/output/faa_per_region/CP109067.region017.faa
NBC_00026_3.region015,/datadrive/glyco_halo_mining/output/faa_per_region/NBC_00026_3.region015.faa
NBC_00026_2.region004,/datadrive/glyco_halo_mining/output/faa_per_region/NBC_00026_2.region004.faa
NBC_00006_3.region003,/datadrive/glyco_halo_mining/output/faa_per_region/NBC_00006_3.region003.faa
NBC_00018_1.region002,/datadrive/glyco_halo_mining/output/faa_per_region/NBC_00018_1.region002.faa
NBC_01789_4.region001,/datadrive/glyco_halo_mining/output/faa_per_region/NBC_01789_4.region001.faa
NBC_01767_2.region017,/datadrive/glyco_halo_mining/output/faa_per_region/NBC_01767_2.region017.faa
NBC_01757_3.region003,/datadrive/glyco_halo_mining/output/faa_per_region/NBC_01757_3.region003.faa
NBC_01691_5.region010,/datadrive/glyco_halo_mining/output/faa_per_region/NBC_01691_5.region010.faa
NBC_01670_4.region011,/datadrive/glyco_halo_mining/output/faa_per_region/NBC_01670_4.region011.faa
NBC_01655_1.region009,/datadrive/glyco_halo_mining/output/faa_per_region/NBC_01655_1.region009.faa
NBC_01655_1.region022,/datadrive/glyco_halo_mining/output/faa_per_region/NBC_01655_1.region022.faa
NBC_01634_2.region019,/datadrive/glyco_halo_mining/output/faa_per_region/NBC_01634_2.region019.faa
NBC_01645_6.region005,/datadrive/glyco_halo_mining/output/faa_per_region/NBC_01645_6.region005.faa
NBC_01623_2.region017,/datadrive/glyco_halo_mining/output/faa_per_region/NBC_01623_2.region017.faa
NBC_01619_4.region004,/datadrive/glyco_halo_mining/output/faa_per_region/NBC_01619_4.region004.faa
NBC_01571_2.region005,/datadrive/glyco_halo_mining/output/faa_per_region/NBC_01571_2.region005.faa
NBC_01551_42.region001,/datadrive/glyco_halo_mining/output/faa_per_region/NBC_01551_42.region001.faa
NBC_01565_3.region020,/datadrive/glyco_halo_mining/output/faa_per_region/NBC_01565_3.region020.faa
NBC_01548_3.region010,/datadrive/glyco_halo_mining/output/faa_per_region/NBC_01548_3.region010.faa
NBC_01500_2.region002,/datadrive/glyco_halo_mining/output/faa_per_region/NBC_01500_2.region002.faa
NBC_01481_2.region002,/datadrive/glyco_halo_mining/output/faa_per_region/NBC_01481_2.region002.faa
NBC_01464_1.region019,/datadrive/glyco_halo_mining/output/faa_per_region/NBC_01464_1.region019.faa
NBC_01458_6.region009,/datadrive/glyco_halo_mining/output/faa_per_region/NBC_01458_6.region009.faa
NBC_01457_8.region007,/datadrive/glyco_halo_mining/output/faa_per_region/NBC_01457_8.region007.faa
NBC_01446_4.region007,/datadrive/glyco_halo_mining/output/faa_per_region/NBC_01446_4.region007.faa
NBC_01443_4.region002,/datadrive/glyco_halo_mining/output/faa_per_region/NBC_01443_4.region002.faa
NBC_01433_3.region009,/datadrive/glyco_halo_mining/output/faa_per_region/NBC_01433_3.region009.faa
NBC_01424_5.region013,/datadrive/glyco_halo_mining/output/faa_per_region/NBC_01424_5.region013.faa
NBC_01424_5.region033,/datadrive/glyco_halo_mining/output/faa_per_region/NBC_01424_5.region033.faa
NBC_01416_3.region036,/datadrive/glyco_halo_mining/output/faa_per_region/NBC_01416_3.region036.faa
NBC_01381_1.region008,/datadrive/glyco_halo_mining/output/faa_per_region/NBC_01381_1.region008.faa
NBC_01408_1.region008,/datadrive/glyco_halo_mining/output/faa_per_region/NBC_01408_1.region008.faa
NBC_01363_1.region004,/datadrive/glyco_halo_mining/output/faa_per_region/NBC_01363_1.region004.faa
NBC_01345_1.region008,/datadrive/glyco_halo_mining/output/faa_per_region/NBC_01345_1.region008.faa
NBC_01311_3.region004,/datadrive/glyco_halo_mining/output/faa_per_region/NBC_01311_3.region004.faa
NBC_01311_2.region001,/datadrive/glyco_halo_mining/output/faa_per_region/NBC_01311_2.region001.faa
NBC_01306_3.region010,/datadrive/glyco_halo_mining/output/faa_per_region/NBC_01306_3.region010.faa
NBC_01306_2.region001,/datadrive/glyco_halo_mining/output/faa_per_region/NBC_01306_2.region001.faa
NBC_01285_4.region009,/datadrive/glyco_halo_mining/output/faa_per_region/NBC_01285_4.region009.faa
NBC_01287_2.region002,/datadrive/glyco_halo_mining/output/faa_per_region/NBC_01287_2.region002.faa
NBC_01287_2.region012,/datadrive/glyco_halo_mining/output/faa_per_region/NBC_01287_2.region012.faa
NBC_01287_2.region014,/datadrive/glyco_halo_mining/output/faa_per_region/NBC_01287_2.region014.faa
NBC_01287_2.region018,/datadrive/glyco_halo_mining/output/faa_per_region/NBC_01287_2.region018.faa
NBC_01287_2.region020,/datadrive/glyco_halo_mining/output/faa_per_region/NBC_01287_2.region020.faa
NBC_01242_6.region005,/datadrive/glyco_halo_mining/output/faa_per_region/NBC_01242_6.region005.faa
NBC_01239_1.region007,/datadrive/glyco_halo_mining/output/faa_per_region/NBC_01239_1.region007.faa
NBC_01221_4.region018,/datadrive/glyco_halo_mining/output/faa_per_region/NBC_01221_4.region018.faa
NBC_01214_4.region009,/datadrive/glyco_halo_mining/output/faa_per_region/NBC_01214_4.region009.faa
NBC_01214_2.region014,/datadrive/glyco_halo_mining/output/faa_per_region/NBC_01214_2.region014.faa
NBC_01016_1.region004,/datadrive/glyco_halo_mining/output/faa_per_region/NBC_01016_1.region004.faa
NBC_00925_14.region003,/datadrive/glyco_halo_mining/output/faa_per_region/NBC_00925_14.region003.faa
NBC_00893_5.region014,/datadrive/glyco_halo_mining/output/faa_per_region/NBC_00893_5.region014.faa
NBC_00893_5.region016,/datadrive/glyco_halo_mining/output/faa_per_region/NBC_00893_5.region016.faa
NBC_00809_1.region003,/datadrive/glyco_halo_mining/output/faa_per_region/NBC_00809_1.region003.faa
NBC_00809_3.region002,/datadrive/glyco_halo_mining/output/faa_per_region/NBC_00809_3.region002.faa
NBC_00809_3.region009,/datadrive/glyco_halo_mining/output/faa_per_region/NBC_00809_3.region009.faa
NBC_00654_15.region001,/datadrive/glyco_halo_mining/output/faa_per_region/NBC_00654_15.region001.faa
NBC_00640_1.region006,/datadrive/glyco_halo_mining/output/faa_per_region/NBC_00640_1.region006.faa
NBC_00640_1.region009,/datadrive/glyco_halo_mining/output/faa_per_region/NBC_00640_1.region009.faa
NBC_00572_3.region007,/datadrive/glyco_halo_mining/output/faa_per_region/NBC_00572_3.region007.faa
NBC_00529_2.region009,/datadrive/glyco_halo_mining/output/faa_per_region/NBC_00529_2.region009.faa
NBC_00526_1.region020,/datadrive/glyco_halo_mining/output/faa_per_region/NBC_00526_1.region020.faa
NBC_00439_4.region014,/datadrive/glyco_halo_mining/output/faa_per_region/NBC_00439_4.region014.faa
NBC_00424_5.region008,/datadrive/glyco_halo_mining/output/faa_per_region/NBC_00424_5.region008.faa
NBC_00424_3.region004,/datadrive/glyco_halo_mining/output/faa_per_region/NBC_00424_3.region004.faa
NBC_00424_3.region005,/datadrive/glyco_halo_mining/output/faa_per_region/NBC_00424_3.region005.faa
NBC_00410_16.region001,/datadrive/glyco_halo_mining/output/faa_per_region/NBC_00410_16.region001.faa
NBC_00401_1.region010,/datadrive/glyco_halo_mining/output/faa_per_region/NBC_00401_1.region010.faa
NBC_00291_20.region002,/datadrive/glyco_halo_mining/output/faa_per_region/NBC_00291_20.region002.faa
NBC_00305_3.region012,/datadrive/glyco_halo_mining/output/faa_per_region/NBC_00305_3.region012.faa
NBC_00276_1.region018,/datadrive/glyco_halo_mining/output/faa_per_region/NBC_00276_1.region018.faa
NBC_00276_1.region021,/datadrive/glyco_halo_mining/output/faa_per_region/NBC_00276_1.region021.faa
NBC_00264_5.region012,/datadrive/glyco_halo_mining/output/faa_per_region/NBC_00264_5.region012.faa
NBC_00249_9.region001,/datadrive/glyco_halo_mining/output/faa_per_region/NBC_00249_9.region001.faa
NBC_00249_9.region002,/datadrive/glyco_halo_mining/output/faa_per_region/NBC_00249_9.region002.faa
NBC_00240_3.region010,/datadrive/glyco_halo_mining/output/faa_per_region/NBC_00240_3.region010.faa
NBC_00233_3.region008,/datadrive/glyco_halo_mining/output/faa_per_region/NBC_00233_3.region008.faa
NBC_00233_2.region002,/datadrive/glyco_halo_mining/output/faa_per_region/NBC_00233_2.region002.faa
NBC_00237_4.region008,/datadrive/glyco_halo_mining/output/faa_per_region/NBC_00237_4.region008.faa
NBC_00160_3.region008,/datadrive/glyco_halo_mining/output/faa_per_region/NBC_00160_3.region008.faa
NBC_00160_3.region013,/datadrive/glyco_halo_mining/output/faa_per_region/NBC_00160_3.region013.faa
NBC_00154_4.region001,/datadrive/glyco_halo_mining/output/faa_per_region/NBC_00154_4.region001.faa
NBC_00140_3.region003,/datadrive/glyco_halo_mining/output/faa_per_region/NBC_00140_3.region003.faa
NBC_00124_3.region003,/datadrive/glyco_halo_mining/output/faa_per_region/NBC_00124_3.region003.faa
NBC_00120_2.region005,/datadrive/glyco_halo_mining/output/faa_per_region/NBC_00120_2.region005.faa
NBC_00091_1.region011,/datadrive/glyco_halo_mining/output/faa_per_region/NBC_00091_1.region011.faa
NBC_00091_5.region003,/datadrive/glyco_halo_mining/output/faa_per_region/NBC_00091_5.region003.faa
NBC_00091_5.region005,/datadrive/glyco_halo_mining/output/faa_per_region/NBC_00091_5.region005.faa
NBC_00083_4.region013,/datadrive/glyco_halo_mining/output/faa_per_region/NBC_00083_4.region013.faa
NBC_00063_1.region012,/datadrive/glyco_halo_mining/output/faa_per_region/NBC_00063_1.region012.faa
NBC_00051_4.region013,/datadrive/glyco_halo_mining/output/faa_per_region/NBC_00051_4.region013.faa
NBC_00052_1.region014,/datadrive/glyco_halo_mining/output/faa_per_region/NBC_00052_1.region014.faa
